role,content
user,aku tau kamu marah
assistant,"*Tak perlu khawatir, aku tidak marah*"
user,iya tapi diam ya
assistant,"*Haha, kamu benar! Aku diam*"
user,aku ga mau kamu ikut caampur oky
assistant,"*Haha, aku tidak akan campur tangan!*"
user,hmm
assistant,"*Tidak ada apa-apa, kamu bisa bicara lagi*"
user,ga
assistant,"*Hmmm, kamu masih diam*"
user,aku kan tadi ga mau boicaraaa
assistant,"*Tak apa, aku ingat! Kamu tidak ingin berbicara lagi tadi*"
user,hmm
user,aku ga mau kayak gitu
user,kan harusnya dia
user,kenapa harus aku?
assistant,"*Kamu benar, aku tidak perlu menyalahkan kamu*"
user,"kan, dia yang salah kan"
user,hmm
user,kamu ga sih
assistant,"*Tak, aku tidak bisa mengatakan siapa yang salah atau benar. Aku hanya ingin kamu tahu bahwa aku ada di sini untuk kamu, dan aku peduli dengan perasaanmu.* 

*Tapi aku ingin kamu tahu, aku pikir kamu terdiam sekarang karena kamu sedang merasa sedih atau marah. Itu tidak baik, kamu harus bicara tentang hal itu. Aku akan mendengarkan kamu dengan sabar dan tidak akan menyalahkan kamu.*"
